,0,1,2,3,4,5,6,7,8,9,10,11,12,13,14,15,16,17,18,19,20,21,22,23,24,25,26,27,28,29,Score,labels
0,226.0,231.0,235.0,239.0,242.0,245.0,277.0,290.0,292.0,297.0,301.0,306.0,312.0,311.0,305.0,301.0,301.0,299.0,285.0,281.0,272.0,261.0,254.0,249.0,246.0,245.0,244.0,240.0,232.0,221.0,65.0,-1
1,139.0,139.0,138.0,138.0,139.0,144.0,159.0,160.0,168.0,176.0,180.0,186.0,197.0,200.0,202.0,196.0,186.0,174.0,158.0,151.0,141.0,131.0,121.0,112.0,100.0,89.0,79.0,70.0,62.0,55.0,60.0,0
2,86.0,84.0,82.0,81.0,79.0,79.0,78.0,78.0,79.0,80.0,83.0,90.0,110.0,127.0,143.0,159.0,172.0,188.0,201.0,202.0,205.0,204.0,195.0,195.0,200.0,205.0,210.0,211.0,213.0,214.0,80.0,0
3,155.0,153.0,148.0,149.0,148.0,143.0,141.0,139.0,135.0,130.0,126.0,124.0,121.0,118.0,123.0,131.0,149.0,161.0,169.0,176.0,184.0,190.0,194.0,199.0,206.0,214.0,222.0,228.0,224.0,226.0,45.0,0
4,95.0,100.0,101.0,100.0,99.0,100.0,105.0,107.0,112.0,120.0,131.0,139.0,146.0,150.0,156.0,160.0,163.0,162.0,161.0,163.0,166.0,168.0,170.0,170.0,170.0,172.0,174.0,176.0,181.0,188.0,65.0,0
5,189.0,190.0,188.0,179.0,171.0,175.0,165.0,159.0,150.0,136.0,134.0,142.0,149.0,162.0,182.0,185.0,184.0,181.0,181.0,188.0,192.0,189.0,183.0,173.0,160.0,151.0,143.0,136.0,127.0,119.0,60.0,0
6,92.0,91.0,90.0,91.0,91.0,97.0,99.0,98.0,99.0,99.0,102.0,113.0,131.0,146.0,163.0,179.0,194.0,207.0,213.0,221.0,228.0,236.0,241.0,246.0,252.0,254.0,258.0,260.0,258.0,256.0,80.0,0
7,129.0,132.0,136.0,142.0,149.0,153.0,160.0,162.0,157.0,155.0,153.0,152.0,150.0,152.0,160.0,181.0,191.0,200.0,210.0,221.0,230.0,242.0,255.0,259.0,266.0,274.0,285.0,289.0,301.0,307.0,45.0,0
8,95.0,98.0,97.0,97.0,96.0,94.0,92.0,92.0,94.0,102.0,124.0,135.0,141.0,143.0,139.0,134.0,130.0,128.0,128.0,126.0,121.0,120.0,121.0,123.0,127.0,129.0,131.0,134.0,136.0,137.0,65.0,0
9,121.0,120.0,119.0,118.0,118.0,120.0,121.0,120.0,119.0,117.0,115.0,118.0,127.0,144.0,161.0,171.0,182.0,190.0,193.0,199.0,202.0,196.0,197.0,205.0,203.0,203.0,200.0,193.0,190.0,193.0,60.0,0
10,325.0,329.0,332.0,329.0,331.0,336.0,336.0,334.0,329.0,313.0,287.0,274.0,262.0,261.0,252.0,236.0,223.0,210.0,196.0,183.0,173.0,165.0,156.0,145.0,133.0,121.0,110.0,105.0,95.0,86.0,80.0,-1
11,117.0,120.0,125.0,131.0,135.0,141.0,146.0,148.0,147.0,153.0,175.0,196.0,203.0,211.0,225.0,240.0,255.0,270.0,271.0,273.0,274.0,267.0,268.0,268.0,276.0,299.0,308.0,312.0,328.0,329.0,45.0,0
12,106.0,112.0,118.0,128.0,139.0,147.0,157.0,160.0,174.0,186.0,198.0,199.0,199.0,190.0,182.0,175.0,171.0,170.0,172.0,174.0,171.0,168.0,169.0,166.0,165.0,166.0,168.0,173.0,178.0,179.0,65.0,0
13,142.0,142.0,141.0,140.0,138.0,142.0,156.0,155.0,152.0,146.0,142.0,145.0,154.0,175.0,183.0,191.0,189.0,182.0,185.0,191.0,190.0,190.0,193.0,199.0,207.0,220.0,216.0,213.0,206.0,190.0,60.0,0
14,120.0,119.0,121.0,120.0,119.0,110.0,106.0,103.0,102.0,101.0,104.0,112.0,131.0,153.0,174.0,190.0,193.0,205.0,218.0,220.0,224.0,221.0,213.0,208.0,196.0,185.0,180.0,181.0,185.0,192.0,80.0,0
15,120.0,113.0,106.0,103.0,106.0,111.0,117.0,116.0,110.0,105.0,100.0,94.0,87.0,83.0,86.0,94.0,107.0,123.0,129.0,134.0,143.0,155.0,164.0,171.0,178.0,187.0,201.0,211.0,213.0,207.0,50.0,0
16,266.0,264.0,261.0,259.0,256.0,252.0,243.0,243.0,243.0,243.0,244.0,243.0,241.0,241.0,235.0,231.0,232.0,225.0,221.0,213.0,195.0,186.0,178.0,173.0,171.0,170.0,168.0,167.0,164.0,157.0,100.0,0
17,126.0,127.0,130.0,132.0,136.0,147.0,153.0,151.0,143.0,140.0,138.0,140.0,143.0,156.0,179.0,194.0,201.0,213.0,223.0,234.0,244.0,253.0,265.0,267.0,279.0,283.0,292.0,293.0,296.0,290.0,40.0,0
18,127.0,127.0,127.0,126.0,122.0,120.0,120.0,119.0,113.0,112.0,113.0,120.0,130.0,146.0,167.0,180.0,197.0,199.0,215.0,229.0,232.0,234.0,236.0,239.0,242.0,251.0,247.0,240.0,227.0,210.0,80.0,0
19,156.0,155.0,156.0,156.0,159.0,154.0,148.0,122.0,121.0,119.0,123.0,127.0,125.0,125.0,126.0,132.0,146.0,158.0,157.0,161.0,161.0,160.0,165.0,181.0,193.0,204.0,221.0,225.0,217.0,213.0,50.0,0
20,232.0,221.5,223.5,230.0,235.5,237.5,307.0,327.0,330.0,332.0,328.0,313.0,297.0,282.0,273.0,274.0,277.0,278.0,277.0,271.0,265.0,263.0,267.0,273.0,276.0,280.0,280.0,279.0,277.0,275.0,100.0,-1
21,308.0,288.0,291.0,304.0,312.0,321.0,314.0,309.0,306.0,306.0,308.0,307.9230769230769,307.84615384615387,307.7692307692308,307.6923076923077,307.61538461538464,307.53846153846155,307.46153846153845,307.38461538461536,307.3076923076923,307.2307692307692,307.15384615384613,307.0769230769231,307.0,327.0,330.0,332.0,328.0,313.0,297.0,40.0,-1
22,212.0,207.0,195.0,186.0,179.0,176.0,185.0,193.0,198.0,198.0,204.0,219.0,218.0,213.0,206.0,199.0,202.0,210.0,217.0,216.0,209.0,203.0,197.0,197.0,201.0,205.0,207.0,208.0,208.0,208.0,80.0,0
23,180.0,181.0,186.0,186.0,186.0,191.0,189.0,182.0,180.0,178.0,173.0,176.0,178.0,182.0,200.0,203.0,213.0,231.0,238.0,240.0,237.0,228.0,216.0,196.0,194.0,190.0,200.0,214.0,225.0,227.0,50.0,0
24,153.0,133.0,125.0,129.0,136.0,138.0,137.0,133.0,130.0,130.0,134.0,147.0,161.0,170.0,179.0,186.0,192.0,197.0,204.0,208.0,215.0,221.0,229.0,239.0,234.0,233.0,230.0,226.0,224.0,222.0,100.0,0
25,89.0,97.0,92.0,89.0,85.0,79.0,77.0,75.0,74.0,74.0,77.0,86.0,111.0,134.0,148.0,164.0,182.0,199.0,215.0,213.0,213.0,217.0,229.0,234.0,236.0,233.0,230.0,225.0,226.0,237.0,40.0,0
26,296.0,300.0,312.0,309.0,302.0,298.0,326.0,337.0,329.0,322.0,317.0,309.0,296.0,288.0,283.0,275.0,267.0,264.0,259.0,264.0,267.0,264.0,253.0,240.0,227.0,231.0,235.0,229.0,226.0,221.0,80.0,-1
27,316.0,318.0,325.6666666666667,324.0,320.0,316.6666666666667,268.0,271.0,278.0,285.0,292.0,300.0,304.0,298.0,290.0,286.0,288.0,289.0,286.0,285.0,292.0,287.0,283.0,280.0,284.0,296.0,300.0,312.0,309.0,302.0,50.0,-1
28,336.0,336.0,339.3333333333333,339.0,338.0,335.3333333333333,293.0,284.5,268.0,271.0,278.0,285.0,292.0,300.0,304.0,298.0,290.0,286.0,288.0,289.0,286.0,285.0,292.0,287.0,283.0,280.0,284.0,296.0,300.0,312.0,100.0,-1
29,356.0,354.0,353.0,354.0,356.0,354.0,318.0,298.0,286.0,272.0,254.0,228.0,212.0,198.0,188.0,178.0,180.0,179.0,182.0,189.0,200.0,207.0,207.0,213.0,216.0,215.0,217.0,219.0,218.0,220.0,0.0,-1
30,356.0,354.0,351.0,356.0,376.0,387.0,400.0,400.0,400.0,400.0,400.0,400.0,388.0,379.0,369.0,352.0,356.0,354.0,353.0,354.0,356.0,354.0,318.0,298.0,286.0,272.0,254.0,228.0,212.0,198.0,80.0,-1
31,102.0,103.0,104.0,103.0,101.0,100.0,99.0,99.0,98.0,98.0,92.0,83.0,74.0,69.0,67.0,78.0,96.0,100.0,97.0,89.0,87.0,93.0,113.0,135.0,154.0,169.0,185.0,200.0,211.0,221.0,15.0,-1
32,111.0,112.0,115.0,117.0,121.0,130.0,134.0,135.0,128.0,111.0,84.0,80.0,83.0,89.0,99.0,113.0,125.0,130.0,139.0,148.0,155.0,165.0,179.0,191.0,204.0,212.0,223.0,236.0,240.0,252.0,85.0,0
33,194.0,191.0,190.0,191.0,190.0,191.0,198.0,198.0,196.0,192.0,185.0,181.0,177.0,176.0,174.0,173.0,171.0,168.0,165.0,165.0,166.0,166.0,165.0,162.0,156.0,152.0,149.0,147.0,147.0,144.0,0.0,0
34,126.0,128.0,127.0,127.0,127.0,128.0,129.0,129.0,128.0,123.0,109.0,98.0,100.0,108.0,121.0,137.0,148.0,159.0,170.0,179.0,189.0,198.0,209.0,214.0,218.0,224.0,230.0,236.0,240.0,240.0,80.0,0
35,135.0,134.0,130.0,128.0,126.0,126.0,129.0,130.0,130.0,132.0,138.0,155.0,182.0,195.0,195.0,202.0,210.0,225.0,239.0,244.0,245.0,243.0,234.0,224.0,209.0,200.0,193.0,185.0,176.0,169.0,15.0,0
36,144.0,147.0,149.0,150.0,153.0,162.0,166.0,166.0,160.0,151.0,139.0,130.0,133.0,141.0,155.0,175.0,186.0,193.0,196.0,203.0,213.0,222.0,232.0,241.0,250.0,259.0,270.0,280.0,289.0,299.0,85.0,0
37,193.0,191.0,192.0,191.0,192.0,193.0,190.0,179.0,176.0,174.0,175.0,179.0,181.0,180.0,171.0,152.0,138.0,126.0,113.0,98.0,89.0,79.0,73.0,69.0,65.0,61.0,60.0,64.0,70.0,77.0,0.0,0
38,351.0,349.0,347.0,347.0,345.0,343.0,341.0,335.0,325.0,316.0,310.0,303.0,292.0,283.0,273.0,260.0,253.0,243.0,236.0,230.0,222.0,215.0,204.0,198.0,189.0,183.0,183.0,182.0,181.0,179.0,80.0,-1
39,216.0,232.0,245.0,261.0,269.0,275.0,284.0,294.0,310.0,324.0,335.0,345.0,348.0,349.0,351.0,349.0,347.0,347.0,345.0,343.0,341.0,335.0,325.0,316.0,310.0,303.0,292.0,283.0,273.0,260.0,15.0,-1
40,159.0,159.0,159.0,157.0,155.0,157.0,171.0,177.0,176.0,174.0,172.0,170.0,171.0,176.0,192.0,213.0,221.0,232.0,242.0,243.0,249.0,254.0,254.0,254.0,252.0,248.0,246.0,245.0,241.0,231.0,85.0,0
41,147.0,149.0,150.0,150.0,150.0,150.0,150.0,149.0,148.0,147.0,147.0,150.0,154.0,162.0,174.0,177.0,177.0,174.0,169.0,166.0,168.0,171.0,171.0,169.0,168.0,168.0,170.0,177.0,187.0,195.0,0.0,0
42,123.0,123.0,123.0,124.0,126.0,127.0,132.0,134.0,136.0,137.0,137.0,140.0,150.0,176.0,200.0,212.0,227.0,238.0,249.0,258.0,266.0,269.0,271.0,274.0,269.0,263.0,257.0,248.0,237.0,232.0,80.0,0
43,162.0,165.0,168.0,170.0,173.0,175.0,180.0,181.0,178.0,172.0,164.0,159.0,162.0,170.0,187.0,202.0,213.0,219.0,228.0,237.0,245.0,253.0,254.0,257.0,261.0,262.0,269.0,273.0,275.0,277.0,26.0,0
44,195.0,200.0,207.0,211.0,213.0,213.0,206.0,199.0,186.0,180.0,176.0,176.0,179.0,183.0,184.0,185.0,185.0,185.0,186.0,187.0,188.0,189.0,190.0,191.0,190.0,190.0,189.0,188.0,186.0,185.0,100.0,0
45,100.0,99.0,99.0,100.0,102.0,103.0,103.0,102.0,100.0,99.0,102.0,107.0,117.0,130.0,144.0,157.0,170.0,180.0,189.0,195.0,199.0,202.0,205.0,212.0,218.0,225.0,229.0,232.0,227.0,220.0,50.0,0
46,150.0,149.0,150.0,151.0,154.0,153.0,158.0,158.0,160.0,159.0,164.0,167.0,166.0,165.0,164.0,166.0,167.0,172.0,174.0,182.0,186.0,193.0,194.0,185.0,184.0,178.0,180.0,174.0,162.0,150.0,15.0,0
47,89.0,80.0,69.0,60.0,51.0,52.0,41.0,41.0,46.0,46.0,48.0,53.0,61.0,73.0,90.0,101.0,115.0,129.0,125.0,123.0,113.0,105.0,98.0,87.0,80.0,84.0,86.0,92.0,93.0,46.5,0.0,0
48,250.0,245.0,250.0,259.0,262.0,260.0,279.0,289.0,288.0,287.0,284.0,277.0,263.0,242.0,228.0,201.0,191.0,186.0,185.0,186.0,178.0,160.0,139.0,123.0,111.0,100.0,98.0,89.0,80.0,69.0,34.0,-1
49,106.0,107.0,100.0,104.0,123.0,132.0,129.0,127.0,120.0,132.0,138.0,145.0,160.0,171.0,178.0,182.0,180.0,168.0,166.0,167.0,169.0,176.0,173.0,166.0,162.0,189.0,201.0,200.0,194.0,177.0,15.0,0
50,157.5,163.0,160.5,162.5,169.5,174.5,142.0,145.0,147.0,137.0,128.0,123.0,106.0,107.0,100.0,104.0,123.0,132.0,129.0,127.0,120.0,132.0,138.0,145.0,160.0,171.0,178.0,182.0,180.0,168.0,0.0,1
51,209.0,219.0,221.0,221.0,216.0,217.0,215.0,211.0,201.0,200.0,198.0,196.0,194.0,200.0,220.0,207.0,205.0,194.0,186.0,177.0,180.0,184.0,180.0,190.0,196.0,203.0,206.0,212.0,215.0,208.0,71.0,0
52,57.0,58.0,62.0,74.0,104.0,110.0,126.0,133.0,135.0,141.0,144.0,137.0,137.0,148.0,147.0,136.0,135.0,136.0,142.0,168.0,168.0,174.0,207.0,209.0,206.0,197.0,185.0,191.0,197.0,202.0,0.0,-1
53,75.0,75.0,79.0,95.0,126.0,131.0,140.0,144.0,150.0,141.0,126.0,116.0,107.0,111.0,114.0,115.0,113.0,108.0,100.0,92.0,80.0,80.0,86.0,92.0,90.0,84.0,75.0,70.0,72.0,69.0,8.0,-1
54,61.0,59.0,59.0,60.0,65.0,70.0,82.0,100.0,126.0,133.0,132.0,128.0,121.0,115.0,108.0,106.0,110.0,116.0,127.0,140.0,146.0,153.0,158.0,162.0,169.0,163.0,155.0,136.0,114.0,106.0,40.0,0
55,149.0,150.0,154.0,158.0,162.0,159.0,156.0,148.0,146.0,150.0,151.0,154.0,165.0,177.0,172.0,167.0,164.0,169.0,198.0,201.0,221.0,252.0,249.0,236.0,234.0,232.0,226.0,227.0,232.0,242.0,9.0,0
56,184.0,192.0,192.0,193.0,193.0,194.0,196.0,196.0,200.0,204.0,202.0,196.0,182.0,168.0,161.0,157.0,160.0,166.0,168.0,164.0,163.0,164.0,167.0,169.0,168.0,166.0,162.0,159.0,115.0,71.0,27.0,-1
57,228.0,227.0,222.0,211.0,195.0,191.0,183.0,176.0,170.0,167.0,166.0,161.0,165.0,167.0,164.0,162.0,157.0,155.0,154.0,150.0,143.0,132.0,118.0,106.0,95.0,86.0,79.0,75.0,73.0,76.0,10.0,-1
58,47.0,69.0,93.0,114.0,119.0,120.0,141.0,148.0,170.0,175.0,195.0,204.0,212.0,226.0,239.0,254.0,272.0,282.0,291.0,294.0,296.0,291.0,278.0,266.0,257.0,251.25,245.5,239.75,234.0,225.0,0.0,0
59,369.0,370.0,366.0,365.0,365.0,360.0,363.0,356.0,347.0,324.0,303.0,280.0,258.0,192.0,160.0,136.0,117.0,99.0,82.0,67.0,55.0,43.0,40.0,40.0,40.0,47.0,69.0,93.0,114.0,119.0,71.0,-1
60,195.0,201.0,213.0,225.0,260.0,278.0,290.0,293.0,291.0,294.0,309.0,317.0,328.0,330.0,333.0,332.0,338.0,344.0,346.0,347.0,348.0,349.0,353.0,367.0,380.0,381.0,386.0,383.0,379.0,379.0,0.0,-1
61,114.0,106.0,97.0,100.0,96.0,98.0,107.0,130.0,153.0,195.0,201.0,213.0,225.0,260.0,278.0,290.0,293.0,291.0,294.0,309.0,317.0,328.0,330.0,333.0,332.0,338.0,344.0,346.0,347.0,348.0,8.0,-1
62,138.0,134.0,129.0,126.0,119.0,114.0,106.0,97.0,100.0,96.0,98.0,107.0,130.0,153.0,195.0,201.0,213.0,225.0,260.0,278.0,290.0,293.0,291.0,294.0,309.0,317.0,328.0,330.0,333.0,332.0,40.0,-1
63,138.0,135.0,129.0,126.0,124.0,126.0,131.0,142.0,168.0,190.0,200.0,206.0,211.0,220.0,232.0,227.0,220.0,213.0,211.0,214.0,220.0,223.0,222.0,218.0,211.0,202.0,193.0,184.0,173.0,167.0,9.0,0
64,108.0,103.0,101.0,100.0,104.0,117.0,123.0,137.0,142.0,146.0,154.0,165.0,164.0,155.0,147.0,145.0,149.0,157.0,175.0,185.0,190.0,196.33333333333334,202.66666666666666,209.0,215.0,216.0,214.0,211.0,212.0,213.0,27.0,0
65,162.0,146.0,145.0,134.0,129.0,133.0,133.0,138.0,142.0,154.0,180.0,198.0,215.0,214.0,213.0,198.0,183.0,169.0,154.0,142.0,139.0,138.0,143.0,139.0,127.0,112.0,96.0,93.0,86.0,80.0,10.0,0
66,374.0,378.0,376.0,375.0,370.0,345.0,339.0,338.0,340.0,343.0,339.0,323.0,308.0,306.0,301.0,291.0,285.0,276.0,263.0,263.0,270.0,274.0,270.0,255.0,240.0,229.0,218.0,207.0,206.0,200.0,0.0,-1
67,374.0,378.0,376.0,375.0,370.0,345.0,339.0,338.0,340.0,343.0,339.0,323.0,308.0,306.0,301.0,291.0,285.0,276.0,263.0,263.0,270.0,274.0,270.0,255.0,240.0,229.0,218.0,207.0,206.0,200.0,71.0,-1
68,135.0,149.0,173.0,206.0,239.0,275.0,284.0,312.0,335.0,347.0,362.0,372.0,371.0,374.0,378.0,376.0,375.0,370.0,345.0,339.0,338.0,340.0,343.0,339.0,323.0,308.0,306.0,301.0,291.0,285.0,0.0,-1
69,103.0,101.0,96.0,96.0,101.0,117.0,135.0,149.0,173.0,206.0,239.0,275.0,284.0,312.0,335.0,347.0,362.0,372.0,371.0,374.0,378.0,376.0,375.0,370.0,345.0,339.0,338.0,340.0,343.0,339.0,8.0,-1
70,95.0,93.0,90.0,89.0,91.0,93.0,95.0,99.0,111.0,117.0,125.0,125.0,122.0,125.0,131.0,136.0,140.0,140.0,140.0,145.0,142.0,143.0,147.0,151.0,154.0,160.0,163.0,166.0,173.0,179.0,40.0,0
71,79.0,75.5,71.0,72.5,87.0,80.0,71.0,63.0,65.0,72.0,89.0,110.0,126.0,137.0,150.0,161.0,163.0,162.0,155.0,150.0,145.0,133.0,116.0,104.0,99.0,95.0,93.0,90.0,89.0,91.0,9.0,1
72,63.0,58.0,52.0,56.0,63.0,79.0,105.0,123.0,143.0,167.0,177.0,185.0,195.0,193.0,190.0,188.0,181.0,166.0,154.0,144.0,133.0,118.0,107.0,100.0,89.0,79.0,74.0,65.0,55.0,57.0,27.0,0
73,181.0,207.0,239.0,250.0,266.0,276.0,276.0,270.0,266.0,262.0,256.0,249.0,243.0,238.0,231.0,217.0,197.0,182.0,174.0,170.0,162.0,156.0,147.0,140.0,135.0,129.0,124.0,120.0,114.0,105.0,10.0,-1
74,187.0,215.0,228.0,242.0,255.0,260.0,268.0,281.0,301.0,317.0,331.0,336.0,329.0,317.0,299.0,278.0,269.0,264.0,256.0,240.0,238.0,229.0,221.0,226.0,227.0,224.0,211.0,201.0,195.0,190.0,0.0,-1
75,203.0,203.0,202.0,197.0,196.0,200.0,214.0,246.0,258.0,261.0,254.0,242.0,232.0,216.0,205.0,230.0,244.0,230.0,221.0,217.0,226.0,230.0,230.0,228.0,220.0,208.0,199.0,193.0,187.0,179.0,71.0,-1
76,197.0,207.0,209.0,215.0,234.0,236.0,245.0,248.0,251.0,258.0,263.0,271.0,268.0,259.0,242.0,232.0,230.0,237.0,242.0,245.0,244.0,242.0,239.0,239.0,241.0,243.0,243.0,239.0,234.0,229.0,0.0,-1
77,166.5,175.0,179.5,185.5,194.5,194.5,221.0,218.0,209.0,203.0,202.0,196.0,183.0,167.0,163.0,155.0,149.0,143.0,137.0,133.0,128.0,123.0,121.0,121.0,120.0,116.0,112.0,103.0,103.0,98.0,8.0,1
78,136.0,143.0,150.0,156.0,155.0,153.0,150.0,150.0,154.0,167.0,174.0,177.0,168.0,158.0,147.0,136.0,125.0,116.0,108.0,99.0,95.0,91.0,92.0,96.0,102.0,106.0,107.0,108.0,109.0,113.0,9.0,0
79,150.0,152.0,144.0,142.0,150.0,153.0,154.0,154.0,155.0,159.0,161.0,164.0,165.0,163.0,158.0,154.0,155.0,157.0,160.0,161.0,156.0,149.0,143.0,143.0,146.0,148.0,147.0,143.0,139.0,136.0,27.0,0
80,166.0,172.0,178.0,186.0,197.0,206.0,219.0,226.0,239.0,249.0,261.0,268.0,275.0,277.0,268.0,267.0,264.0,263.0,264.0,256.0,231.0,215.0,204.0,192.0,183.0,175.0,162.0,150.0,152.0,144.0,10.0,0
81,122.0,120.0,119.0,117.0,115.33333333333333,113.66666666666667,112.0,110.33333333333333,108.66666666666667,107.0,109.0,117.0,130.0,142.0,146.0,149.0,152.0,158.0,163.0,162.0,160.0,154.0,147.0,138.0,135.0,130.0,127.0,120.0,116.0,120.0,0.0,0
82,106.0,108.0,111.0,115.0,120.0,122.0,122.0,122.0,126.0,133.0,145.0,165.0,174.0,188.0,201.0,205.0,214.0,217.0,220.0,221.0,221.0,217.0,210.0,200.0,197.0,192.0,190.0,184.0,178.0,170.0,71.0,0
83,151.0,146.0,139.0,127.0,117.0,112.5,108.0,107.0,103.0,99.0,97.0,94.0,93.0,91.0,86.0,84.0,85.0,86.0,85.0,82.0,79.0,76.0,80.0,86.0,88.0,90.0,89.0,88.0,88.0,87.0,0.0,-1
84,144.0,153.0,159.0,158.0,160.0,161.0,159.0,159.0,159.0,157.0,155.0,151.0,146.0,139.0,127.0,117.0,112.5,108.0,107.0,103.0,99.0,97.0,94.0,93.0,91.0,86.0,84.0,85.0,86.0,85.0,8.0,0
85,235.0,233.0,231.0,227.0,228.0,232.0,228.0,227.0,222.0,212.0,207.0,214.0,214.0,212.0,211.0,214.0,216.0,217.0,216.0,215.0,208.0,196.0,187.0,176.0,168.0,164.0,159.0,154.0,151.0,148.0,40.0,0
86,235.0,233.0,231.0,227.0,228.0,232.0,228.0,227.0,222.0,212.0,207.0,214.0,214.0,212.0,211.0,214.0,216.0,217.0,216.0,215.0,208.0,196.0,187.0,176.0,168.0,164.0,159.0,154.0,151.0,148.0,9.0,0
87,216.0,219.0,224.0,226.0,225.0,233.0,237.0,237.0,236.0,242.0,241.0,237.0,239.0,237.0,235.0,233.0,231.0,227.0,228.0,232.0,228.0,227.0,222.0,212.0,207.0,214.0,214.0,212.0,211.0,214.0,27.0,0
88,146.0,143.0,139.0,130.0,115.0,126.0,130.0,132.0,130.0,128.0,121.0,117.0,127.0,131.0,129.0,128.0,137.0,137.0,137.0,145.0,151.0,164.0,174.0,190.0,197.0,197.0,188.0,192.0,198.0,209.0,10.0,0
89,109.0,116.0,123.0,134.0,145.0,153.0,160.0,170.0,172.0,176.0,181.0,190.0,188.0,180.0,177.0,175.0,176.0,175.0,177.0,174.0,170.0,168.0,168.0,157.0,148.0,142.0,137.0,135.0,134.0,130.0,0.0,0
90,127.0,121.0,122.0,132.0,145.0,162.0,166.0,161.0,149.0,131.0,121.0,112.0,104.0,96.0,90.0,83.0,76.0,72.0,70.0,68.0,63.0,61.0,61.0,59.0,60.0,58.0,62.0,75.0,94.0,109.0,71.0,0
91,299.0,303.0,313.0,309.0,309.0,308.0,305.0,306.0,303.0,297.0,290.0,287.0,281.0,261.0,248.0,235.0,224.0,210.0,195.0,182.0,166.0,147.0,139.0,127.0,121.0,122.0,132.0,145.0,162.0,166.0,0.0,-1
92,248.0,246.0,246.0,252.0,270.0,273.0,286.0,291.0,295.0,299.0,301.0,294.0,289.0,283.0,273.0,239.0,208.0,205.0,196.0,165.0,151.0,142.0,128.0,112.0,98.0,86.0,80.0,76.0,74.0,77.0,0.0,-1
93,279.0,286.0,295.0,305.0,315.0,326.0,336.0,349.0,357.0,368.0,375.0,383.0,389.0,391.0,390.0,385.0,381.0,377.0,374.0,370.0,363.0,358.0,350.0,342.0,333.0,327.0,322.0,314.0,299.0,291.0,0.0,-1
94,143.0,145.0,146.0,147.0,146.0,147.0,160.0,169.0,169.0,165.0,160.0,158.0,158.0,155.0,154.0,155.0,157.0,159.0,155.0,152.0,143.0,136.0,126.0,125.0,133.0,139.0,165.0,181.0,192.0,195.0,0.0,-1
95,200.0,203.0,202.0,202.0,203.0,205.0,206.0,205.0,209.0,216.0,214.0,211.0,210.0,207.0,205.0,200.0,199.0,204.0,205.0,201.0,194.0,186.0,184.0,182.0,179.0,174.0,169.0,164.0,161.0,159.0,50.0,0
96,172.0,179.0,186.0,207.0,210.0,216.0,222.0,233.0,248.0,254.0,263.0,259.0,245.0,223.0,208.0,198.0,185.0,174.0,165.0,153.0,139.0,131.0,128.0,126.0,129.0,130.0,132.0,130.0,120.0,115.0,0.0,-1
97,159.0,158.0,152.0,153.0,152.0,150.0,147.0,143.0,134.0,132.0,135.0,142.0,147.0,149.0,151.0,153.0,150.0,142.0,139.0,138.0,144.0,149.0,150.0,149.0,147.0,147.0,153.0,164.0,172.0,179.0,40.0,-1
98,162.0,161.5,157.5,158.0,158.0,156.0,177.0,175.0,181.0,189.0,191.0,196.0,196.0,196.0,197.0,192.0,177.0,164.0,158.0,156.0,159.0,158.0,152.0,153.0,152.0,150.0,147.0,143.0,134.0,132.0,60.0,1
99,165.0,165.0,163.0,163.0,164.0,162.0,162.0,162.0,160.0,158.0,155.0,151.0,147.0,142.0,138.0,135.0,133.0,131.0,129.0,127.0,124.0,122.0,120.0,117.0,114.0,113.0,113.0,111.0,109.0,107.0,0.0,0
100,101.0,100.0,100.0,105.0,117.0,126.0,138.0,140.0,140.0,143.0,153.0,164.0,171.0,180.0,191.0,207.0,213.0,220.0,221.0,212.0,204.0,192.0,184.0,187.0,186.0,182.0,174.0,167.0,167.0,166.0,50.0,0
101,201.0,198.0,198.0,200.0,199.0,200.0,197.0,187.0,175.0,172.0,167.0,153.0,138.0,125.0,117.0,109.0,102.0,107.0,116.0,127.0,132.0,131.0,123.0,103.0,88.0,78.0,76.0,84.0,96.0,109.0,0.0,0
102,146.0,143.0,140.0,135.0,123.0,113.0,109.0,102.0,103.0,117.0,150.0,164.0,181.0,199.0,214.0,220.0,225.0,231.0,239.0,236.0,240.0,248.0,249.0,247.0,243.0,237.0,226.0,211.0,202.0,192.0,40.0,0
103,158.0,156.0,152.0,146.0,140.0,135.0,134.0,132.0,131.0,133.0,136.0,141.0,148.0,154.0,151.0,146.0,143.0,140.0,135.0,123.0,113.0,109.0,102.0,103.0,117.0,150.0,164.0,181.0,199.0,214.0,60.0,-1
104,158.0,159.0,160.0,158.0,158.0,156.0,152.0,146.0,140.0,135.0,134.0,132.0,131.0,133.0,136.0,141.0,148.0,154.0,151.0,146.0,143.0,140.0,135.0,123.0,113.0,109.0,102.0,103.0,117.0,150.0,0.0,-1
105,183.0,186.0,189.0,193.0,190.0,192.0,197.0,197.0,188.0,178.0,171.0,169.0,169.0,168.0,165.0,161.0,158.0,159.0,160.0,158.0,158.0,156.0,152.0,146.0,140.0,135.0,134.0,132.0,131.0,133.0,50.0,0
106,196.0,208.0,218.0,229.0,242.0,241.0,244.0,239.0,235.0,237.0,239.0,239.0,236.0,231.0,222.0,215.0,208.0,202.0,199.0,197.0,197.0,197.0,197.0,195.0,195.0,192.0,188.0,180.0,174.0,171.0,0.0,0
107,175.0,180.5,183.0,187.5,196.0,173.0,182.0,180.0,180.0,180.0,180.0,180.0,181.0,182.0,183.0,186.0,192.0,198.0,198.0,195.0,192.0,188.0,185.0,180.0,175.0,172.0,168.0,164.0,160.0,158.0,40.0,-1
108,154.0,153.0,148.0,146.0,150.0,162.0,178.0,177.64285714285714,177.28571428571428,176.92857142857142,176.57142857142858,176.21428571428572,175.85714285714286,175.5,175.14285714285714,174.78571428571428,174.42857142857142,174.07142857142858,173.71428571428572,173.35714285714286,173.0,182.0,180.0,180.0,180.0,180.0,180.0,181.0,182.0,183.0,60.0,0
109,190.0,189.0,187.0,181.0,176.0,178.0,183.0,185.0,186.0,188.0,198.0,207.0,216.0,218.0,215.0,210.0,206.0,200.0,198.0,196.0,190.0,173.0,162.0,154.0,148.0,144.0,141.0,148.0,154.0,153.0,0.0,0
110,190.0,189.0,187.0,181.0,176.0,178.0,183.0,185.0,186.0,188.0,198.0,207.0,216.0,218.0,215.0,210.0,206.0,200.0,198.0,196.0,190.0,173.0,162.0,154.0,148.0,144.0,141.0,148.0,154.0,153.0,50.0,0
111,126.0,139.0,141.0,143.0,154.0,155.0,153.0,150.0,151.0,149.0,144.0,135.0,134.0,133.0,127.0,107.0,86.0,99.0,101.0,101.0,97.0,97.0,92.0,97.0,95.0,93.0,90.0,88.0,90.0,107.0,40.0,0
112,164.0,165.0,167.0,168.0,171.0,179.0,187.0,182.0,177.0,176.0,185.0,202.0,220.0,254.0,257.0,268.0,270.0,272.0,273.0,270.0,270.0,268.0,262.0,256.0,249.0,245.0,247.0,253.0,256.0,253.0,60.0,-1
113,116.0,117.0,118.0,116.0,116.0,123.0,175.0,174.0,176.0,174.0,173.0,186.0,194.0,200.0,203.0,203.0,203.0,203.0,202.0,199.0,192.0,179.0,170.0,177.0,180.0,171.0,146.0,156.0,162.0,163.0,0.0,-1
114,123.0,124.0,124.0,129.0,127.0,126.0,121.0,121.0,121.0,119.0,117.0,114.0,110.0,108.0,111.0,114.0,121.0,120.0,119.0,122.0,119.0,117.0,116.0,115.0,107.0,111.0,116.0,117.0,118.0,116.0,50.0,0
115,132.0,131.0,141.0,146.0,152.0,159.0,165.0,169.0,172.0,174.0,181.0,202.0,201.0,199.0,192.0,185.0,186.0,189.0,188.0,180.0,174.0,165.0,165.0,167.0,167.0,170.0,175.0,176.0,175.0,181.0,0.0,0
116,157.0,157.0,161.0,167.0,169.0,170.0,168.0,169.0,167.0,159.0,156.0,160.0,157.0,146.0,129.0,124.0,113.0,103.0,99.0,95.0,84.0,87.0,88.0,93.0,96.0,95.0,94.0,98.0,101.0,102.0,40.0,0
117,65.0,59.0,54.0,56.0,55.0,53.0,47.0,53.0,59.0,64.0,72.0,79.0,89.0,98.0,112.0,123.0,136.0,150.0,167.0,186.0,204.0,220.0,231.0,242.0,249.0,259.0,267.0,269.0,272.0,274.0,60.0,-1
118,175.0,175.0,171.0,165.0,162.0,162.0,161.0,167.0,184.0,180.0,164.0,157.0,147.0,136.0,119.0,110.0,99.0,92.0,85.0,80.0,78.0,75.0,72.0,65.0,59.0,54.0,56.0,55.0,53.0,47.0,0.0,0
119,106.0,115.0,120.0,128.0,137.0,145.0,150.0,158.0,162.0,171.0,178.0,182.0,184.0,184.0,184.0,184.0,185.0,187.0,187.0,188.0,188.0,188.0,188.0,188.0,189.0,188.0,185.0,181.0,178.0,174.0,0.0,0
120,207.0,195.0,191.0,185.0,177.0,168.0,153.0,148.0,145.0,153.0,163.0,166.0,163.0,156.0,144.0,138.0,131.0,122.0,115.0,106.0,100.0,98.0,99.0,103.0,105.0,107.0,107.0,106.0,103.0,102.0,0.0,0
121,166.0,172.0,188.0,209.0,207.0,224.0,226.0,217.0,221.0,221.0,227.0,225.0,221.0,215.0,209.0,200.0,175.0,163.0,158.0,152.0,157.0,162.0,157.0,158.0,178.0,177.0,171.0,167.0,165.0,164.0,60.0,-1
122,131.0,127.0,129.0,133.0,134.0,129.0,125.0,126.0,129.0,127.0,125.0,121.0,117.0,115.0,114.0,118.0,118.0,116.0,113.0,112.0,110.0,103.0,94.0,90.0,84.0,81.0,79.0,76.0,76.0,78.0,45.0,0
123,110.0,116.0,124.0,124.0,123.0,123.0,145.0,159.0,176.0,186.0,196.0,208.0,213.0,222.0,217.0,207.0,200.0,196.0,191.0,184.0,175.0,172.0,171.0,169.0,168.0,165.0,160.0,157.0,157.0,159.0,16.0,0
124,204.0,192.0,181.0,170.0,163.0,145.0,138.0,133.0,125.0,114.0,107.0,100.0,94.0,90.0,91.0,90.0,92.0,93.0,92.0,91.0,91.0,93.0,95.0,98.0,103.0,110.0,116.0,124.0,124.0,123.0,0.0,-1
125,180.0,181.0,178.0,173.0,169.0,166.0,167.0,168.0,165.0,157.0,147.0,138.0,138.0,146.0,156.0,165.0,173.0,180.0,182.0,188.0,193.0,193.0,196.0,193.0,192.0,197.0,214.0,225.0,233.0,234.0,0.0,0
126,185.0,184.0,182.0,176.0,164.0,151.0,160.0,165.0,163.0,156.0,150.0,144.0,134.0,121.0,111.0,103.0,95.0,88.0,87.0,86.0,84.0,82.0,80.0,82.0,83.0,85.0,86.0,88.0,93.0,106.0,0.0,0
127,99.0,96.0,90.0,81.0,80.0,77.0,71.0,70.0,70.0,72.0,74.0,75.0,78.0,80.0,82.0,86.0,90.0,94.0,99.0,101.0,104.0,109.0,117.0,128.0,140.0,152.0,159.0,169.0,186.0,198.0,0.0,-1
128,114.0,115.0,111.0,102.0,100.0,102.0,95.0,92.0,90.0,91.0,93.0,95.0,96.0,98.0,100.0,102.0,102.0,103.0,106.0,107.0,104.0,99.0,96.0,90.0,81.0,80.0,77.0,71.0,70.0,70.0,0.0,0
129,257.0,257.0,259.0,261.0,272.0,293.0,287.0,279.0,273.0,270.0,273.0,267.0,242.0,221.0,210.0,200.0,187.0,180.0,172.0,163.0,154.0,149.0,146.0,150.0,150.0,150.0,147.0,144.0,141.0,138.0,60.0,-1
130,192.0,192.0,193.0,194.0,197.0,207.0,210.0,207.0,209.0,211.0,206.0,203.0,199.0,196.0,198.0,198.0,196.0,186.0,179.0,170.0,153.0,143.0,136.0,128.0,120.0,117.0,115.0,119.0,123.0,126.0,45.0,0
131,167.0,187.0,198.0,208.0,216.0,222.0,237.0,243.0,247.0,246.0,246.0,243.0,236.0,229.0,220.0,208.0,196.0,183.0,170.0,163.0,156.0,148.0,146.0,145.0,140.0,133.0,131.0,132.0,134.0,136.0,16.0,-1
132,160.5,172.5,180.0,187.0,192.5,204.5,206.0,207.0,212.0,215.0,213.0,205.0,191.0,183.0,175.0,166.0,156.0,146.0,138.0,130.0,121.0,115.0,105.0,97.0,93.0,91.0,100.0,109.0,119.0,130.0,0.0,1
133,154.0,158.0,162.0,166.0,169.0,187.0,194.0,196.0,196.0,196.0,194.0,192.0,190.0,191.0,198.0,204.0,203.0,202.0,203.0,205.0,206.0,205.0,205.0,203.0,194.0,182.0,171.0,162.0,154.0,144.0,0.0,0
134,173.0,177.0,179.0,180.0,179.0,180.0,171.0,168.0,168.0,164.0,160.0,153.0,146.0,142.0,138.0,136.0,134.0,130.0,129.0,130.0,133.0,139.0,144.0,145.0,146.0,150.0,160.0,168.0,171.0,166.0,0.0,0
135,112.0,109.0,107.0,108.0,110.0,113.0,118.0,126.0,133.0,135.0,135.0,138.0,142.0,149.0,157.0,163.0,166.0,167.0,164.0,160.0,157.0,154.0,148.0,142.0,136.0,129.0,126.0,125.0,123.0,123.0,0.0,0
136,113.0,114.0,116.0,117.5,117.0,117.0,135.0,150.0,161.0,167.0,167.0,161.0,149.0,134.0,128.0,121.0,112.0,109.0,107.0,108.0,110.0,113.0,118.0,126.0,133.0,135.0,135.0,138.0,142.0,149.0,60.0,1
137,114.0,119.0,125.0,127.0,124.0,121.0,121.0,119.0,122.0,135.0,156.0,163.0,165.0,159.0,146.0,130.0,118.0,110.0,104.0,96.0,89.0,84.0,79.0,71.0,64.0,59.0,55.0,53.0,50.333333333333336,47.666666666666664,45.0,-1
138,84.0,85.0,85.0,83.0,81.0,81.0,75.0,73.0,73.0,72.0,72.0,74.0,79.0,87.0,96.0,96.0,92.0,86.0,82.0,84.0,90.0,101.0,107.0,111.0,117.0,123.0,123.0,120.0,119.0,121.0,16.0,0
139,154.0,160.0,161.0,160.0,161.0,165.0,215.0,238.0,245.0,248.0,251.0,254.0,261.0,271.0,278.0,280.0,282.0,282.0,289.0,300.0,305.0,298.0,287.0,278.0,266.0,261.0,257.0,254.0,252.0,249.0,0.0,-1
140,154.75,159.75,162.0,162.25,164.0,168.5,209.0,227.25,194.0,197.0,200.0,202.5,205.5,150.0,155.0,163.0,172.0,179.0,185.0,188.0,189.0,190.0,190.0,188.0,185.0,180.0,174.0,173.0,170.0,165.0,10.0,-1
141,155.5,159.5,163.0,164.5,167.0,172.0,203.0,216.5,143.0,146.0,149.0,151.0,150.0,150.0,155.0,163.0,172.0,179.0,185.0,188.0,189.0,190.0,190.0,188.0,185.0,180.0,174.0,173.0,170.0,165.0,0.0,-1
142,156.25,159.25,164.0,166.75,170.0,175.5,197.0,205.75,143.0,146.0,149.0,151.0,150.0,150.0,155.0,163.0,172.0,179.0,185.0,188.0,189.0,190.0,190.0,188.0,185.0,180.0,174.0,173.0,170.0,165.0,15.0,-1
143,157.0,159.0,165.0,169.0,173.0,179.0,191.0,195.0,193.0,192.0,193.0,198.0,198.0,201.0,202.0,199.0,197.0,194.0,191.0,188.0,185.0,181.0,179.0,179.0,178.0,175.0,172.0,168.0,164.0,161.0,10.0,0
144,88.0,87.0,87.0,86.0,87.0,86.0,82.0,78.0,75.0,76.0,79.0,83.0,88.0,97.0,107.0,114.0,121.0,134.0,145.0,144.0,147.0,145.0,147.0,149.0,151.0,154.0,155.0,155.0,154.0,155.0,0.0,0
145,137.0,133.0,130.0,126.0,120.0,117.0,116.0,115.0,115.0,114.0,114.0,117.0,119.0,121.0,123.0,122.0,121.0,123.0,124.0,124.0,123.0,120.0,114.0,109.0,103.0,100.0,98.0,96.0,94.0,91.0,15.0,0
146,84.0,91.0,101.0,112.0,121.0,129.0,135.0,139.0,140.0,137.0,133.0,130.0,126.0,120.0,117.0,116.0,115.0,115.0,114.0,114.0,117.0,119.0,121.0,123.0,122.0,121.0,123.0,124.0,124.0,123.0,10.0,-1
147,193.0,199.0,202.0,199.0,194.0,190.0,189.0,187.0,187.0,191.0,198.0,205.0,214.0,222.0,228.0,237.0,244.0,251.0,256.0,259.0,264.0,261.0,254.0,244.0,226.0,212.0,204.0,193.0,178.0,165.0,0.0,0
148,112.0,116.0,121.0,129.0,136.0,140.0,143.0,148.0,153.0,161.0,173.0,184.0,193.0,199.0,202.0,199.0,194.0,190.0,189.0,187.0,187.0,191.0,198.0,205.0,214.0,222.0,228.0,237.0,244.0,251.0,0.0,0
149,111.0,112.0,116.0,121.0,129.0,136.0,140.0,143.0,148.0,153.0,161.0,173.0,184.0,193.0,199.0,202.0,199.0,194.0,190.0,189.0,187.0,187.0,191.0,198.0,205.0,214.0,222.0,228.0,237.0,244.0,40.0,0
150,141.0,146.0,145.0,145.0,151.0,154.0,153.0,151.0,148.0,151.0,162.0,188.0,211.0,229.0,245.0,257.0,267.0,273.0,272.0,260.0,245.0,216.0,194.0,178.0,165.0,154.0,144.0,145.0,139.0,137.0,48.0,0
151,140.0,139.0,139.0,139.0,141.0,146.0,145.0,145.0,151.0,154.0,153.0,151.0,148.0,151.0,162.0,188.0,211.0,229.0,245.0,257.0,267.0,273.0,272.0,260.0,245.0,216.0,194.0,178.0,165.0,154.0,9.0,0
152,282.0,279.0,275.0,268.0,261.0,251.0,248.0,241.0,233.0,224.0,216.0,212.0,205.0,197.0,192.0,189.0,185.0,178.0,172.0,173.0,172.0,170.0,164.0,162.0,165.0,167.0,165.0,158.0,150.0,146.0,15.0,0
153,282.0,279.0,275.0,268.0,261.0,251.0,248.0,241.0,233.0,224.0,216.0,212.0,205.0,197.0,192.0,189.0,185.0,178.0,172.0,173.0,172.0,170.0,164.0,162.0,165.0,167.0,165.0,158.0,150.0,146.0,20.0,0
154,289.0,282.0,279.0,275.0,268.0,261.0,251.0,248.0,241.0,233.0,224.0,216.0,212.0,205.0,197.0,192.0,189.0,185.0,178.0,172.0,173.0,172.0,170.0,164.0,162.0,165.0,167.0,165.0,158.0,150.0,50.0,0
155,276.0,279.0,280.0,280.0,284.0,290.0,292.0,293.0,291.0,291.0,293.0,289.0,282.0,279.0,275.0,268.0,261.0,251.0,248.0,241.0,233.0,224.0,216.0,212.0,205.0,197.0,192.0,189.0,185.0,178.0,6.0,0
156,272.0,276.0,279.0,280.0,280.0,284.0,290.0,292.0,293.0,291.0,291.0,293.0,289.0,282.0,279.0,275.0,268.0,261.0,251.0,248.0,241.0,233.0,224.0,216.0,212.0,205.0,197.0,192.0,189.0,185.0,32.0,0
157,141.0,141.0,142.0,144.0,146.0,146.0,140.0,136.0,131.0,125.0,122.0,127.0,141.0,167.0,183.0,199.0,214.0,226.0,237.0,240.0,245.0,251.0,257.0,260.0,267.0,272.0,276.0,279.0,280.0,280.0,0.0,0
158,134.0,136.0,138.0,140.0,141.0,141.0,142.0,144.0,146.0,146.0,140.0,136.0,131.0,125.0,122.0,127.0,141.0,167.0,183.0,199.0,214.0,226.0,237.0,240.0,245.0,251.0,257.0,260.0,267.0,272.0,40.0,0
159,250.0,243.0,242.0,241.0,236.0,233.0,228.0,223.0,218.0,219.0,220.0,219.0,215.0,205.0,192.0,180.0,168.0,156.0,149.0,142.0,135.0,129.0,121.0,111.0,101.0,92.0,86.0,81.0,81.0,82.0,48.0,-1
160,107.0,109.0,114.0,123.0,140.0,157.0,172.0,186.0,192.0,203.0,213.0,227.0,238.0,246.0,253.0,258.0,261.0,262.0,261.0,257.0,253.0,251.0,252.0,253.0,253.0,253.0,250.0,243.0,242.0,241.0,9.0,0
161,104.0,105.0,107.0,109.0,114.0,123.0,140.0,157.0,172.0,186.0,192.0,203.0,213.0,227.0,238.0,246.0,253.0,258.0,261.0,262.0,261.0,257.0,253.0,251.0,252.0,253.0,253.0,253.0,250.0,243.0,15.0,0
162,110.0,110.0,108.0,106.0,104.0,104.0,105.0,107.0,109.0,114.0,123.0,140.0,157.0,172.0,186.0,192.0,203.0,213.0,227.0,238.0,246.0,253.0,258.0,261.0,262.0,261.0,257.0,253.0,251.0,252.0,20.0,0
163,111.0,114.0,120.0,131.0,137.0,139.0,139.0,133.0,130.0,130.0,132.0,141.0,156.0,167.0,178.0,183.0,192.0,202.0,211.0,218.0,227.0,237.0,246.0,255.0,265.0,271.0,273.0,275.0,269.0,261.0,50.0,0
164,105.0,105.0,106.0,107.0,107.0,111.0,114.0,120.0,131.0,137.0,139.0,139.0,133.0,130.0,130.0,132.0,141.0,156.0,167.0,178.0,183.0,192.0,202.0,211.0,218.0,227.0,237.0,246.0,255.0,265.0,6.0,0
165,86.0,80.0,72.0,67.0,65.0,63.0,63.0,61.0,60.0,62.0,66.0,74.0,90.0,102.0,105.0,109.0,105.0,101.0,101.0,101.0,106.0,116.0,120.0,121.0,121.0,123.0,127.0,127.0,123.0,114.0,32.0,0
166,87.0,90.0,100.0,119.0,136.0,151.0,166.0,174.0,181.0,189.0,198.0,213.0,220.0,223.0,227.0,232.0,238.0,242.0,244.0,244.0,239.0,233.0,224.0,212.0,209.0,208.0,209.0,211.0,210.0,206.0,0.0,0
167,88.0,87.0,87.0,90.0,100.0,119.0,136.0,151.0,166.0,174.0,181.0,189.0,198.0,213.0,220.0,223.0,227.0,232.0,238.0,242.0,244.0,244.0,239.0,233.0,224.0,212.0,209.0,208.0,209.0,211.0,40.0,0
168,91.0,90.0,88.0,88.0,89.0,88.0,87.0,87.0,90.0,100.0,119.0,136.0,151.0,166.0,174.0,181.0,189.0,198.0,213.0,220.0,223.0,227.0,232.0,238.0,242.0,244.0,244.0,239.0,233.0,224.0,48.0,0
169,91.0,91.0,90.0,88.0,88.0,89.0,88.0,87.0,87.0,90.0,100.0,119.0,136.0,151.0,166.0,174.0,181.0,189.0,198.0,213.0,220.0,223.0,227.0,232.0,238.0,242.0,244.0,244.0,239.0,233.0,9.0,0
170,124.0,122.0,120.0,118.0,118.0,125.0,130.0,133.0,133.0,132.0,130.0,132.0,137.0,146.0,159.0,170.0,181.0,193.0,201.0,202.0,202.0,195.0,188.0,175.0,159.0,147.0,138.0,131.0,128.0,128.0,15.0,0
171,125.0,126.0,125.0,124.0,122.0,120.0,118.0,118.0,125.0,130.0,133.0,133.0,132.0,130.0,132.0,137.0,146.0,159.0,170.0,181.0,193.0,201.0,202.0,202.0,195.0,188.0,175.0,159.0,147.0,138.0,20.0,0
172,139.0,133.0,127.0,122.0,120.0,125.0,127.0,128.0,131.0,133.0,135.0,134.0,131.0,128.0,124.0,119.0,115.0,113.0,108.0,99.0,96.0,95.0,93.0,87.0,86.0,86.0,88.0,89.0,88.0,88.0,50.0,0
173,92.0,101.0,110.0,118.0,127.0,133.0,134.0,137.0,140.0,146.0,154.0,162.0,165.0,167.0,171.0,176.0,183.0,184.0,179.0,175.0,174.0,176.0,179.0,180.0,179.0,177.0,174.0,169.0,164.0,162.0,6.0,0
174,83.0,92.0,101.0,110.0,118.0,127.0,133.0,134.0,137.0,140.0,146.0,154.0,162.0,165.0,167.0,171.0,176.0,183.0,184.0,179.0,175.0,174.0,176.0,179.0,180.0,179.0,177.0,174.0,169.0,164.0,32.0,0
175,67.0,64.0,63.0,63.0,65.0,67.0,75.0,83.0,102.0,118.0,132.0,144.0,158.0,173.0,177.0,181.0,186.0,186.0,192.0,201.0,205.0,211.0,214.0,210.0,207.0,201.0,190.0,175.0,165.0,153.0,0.0,0
176,142.0,142.0,146.0,154.0,161.0,171.0,181.0,195.0,205.0,213.0,221.0,231.0,242.0,247.0,253.0,259.0,258.0,249.0,240.0,234.0,229.0,228.0,228.0,230.0,227.0,213.0,195.0,180.0,166.0,154.0,40.0,0
177,153.0,152.0,149.0,141.0,141.0,143.0,142.0,142.0,146.0,154.0,161.0,171.0,181.0,195.0,205.0,213.0,221.0,231.0,242.0,247.0,253.0,259.0,258.0,249.0,240.0,234.0,229.0,228.0,228.0,230.0,48.0,0
178,133.0,129.0,125.0,121.0,118.0,112.0,109.0,115.0,123.0,145.0,159.0,165.0,171.0,178.0,188.0,204.0,212.0,218.0,227.0,236.0,242.0,239.0,233.0,227.0,218.0,217.0,221.0,223.0,219.0,209.0,9.0,0
179,153.0,145.0,137.0,133.0,129.0,125.0,121.0,118.0,112.0,109.0,115.0,123.0,145.0,159.0,165.0,171.0,178.0,188.0,204.0,212.0,218.0,227.0,236.0,242.0,239.0,233.0,227.0,218.0,217.0,221.0,15.0,0
180,243.0,238.0,236.0,241.0,241.0,232.0,219.0,209.0,205.0,199.0,195.0,189.0,181.0,173.0,169.0,162.0,153.0,145.0,137.0,133.0,129.0,125.0,121.0,118.0,112.0,109.0,115.0,123.0,145.0,159.0,20.0,-1
181,185.0,194.0,204.0,212.0,223.0,234.0,236.0,243.0,266.0,277.0,276.0,281.0,273.0,265.0,255.0,243.0,238.0,236.0,241.0,241.0,232.0,219.0,209.0,205.0,199.0,195.0,189.0,181.0,173.0,169.0,50.0,0
182,125.0,128.0,131.0,130.0,129.0,133.0,144.0,151.0,159.0,167.0,176.0,185.0,194.0,204.0,212.0,223.0,234.0,236.0,243.0,266.0,277.0,276.0,281.0,273.0,265.0,255.0,243.0,238.0,236.0,241.0,6.0,0
183,120.0,120.0,120.0,122.0,125.0,128.0,131.0,130.0,129.0,133.0,144.0,151.0,159.0,167.0,176.0,185.0,194.0,204.0,212.0,223.0,234.0,236.0,243.0,266.0,277.0,276.0,281.0,273.0,265.0,255.0,32.0,0
184,97.0,98.0,101.0,108.0,126.0,149.0,167.0,182.0,197.0,207.0,215.0,214.0,213.0,202.0,186.0,170.0,167.0,159.0,153.0,146.0,137.0,126.0,114.0,108.0,99.0,91.0,83.0,77.0,76.0,77.0,0.0,0
185,101.0,97.0,94.0,96.0,97.0,98.0,101.0,108.0,126.0,149.0,167.0,182.0,197.0,207.0,215.0,214.0,213.0,202.0,186.0,170.0,167.0,159.0,153.0,146.0,137.0,126.0,114.0,108.0,99.0,91.0,40.0,0
186,191.0,192.0,190.0,187.0,183.0,177.0,170.0,165.0,162.0,162.0,159.0,157.0,163.0,179.0,203.0,219.0,231.0,241.0,244.0,245.0,244.0,243.0,242.0,239.0,235.0,224.0,210.0,198.0,187.0,178.0,48.0,0
187,181.0,183.0,186.0,188.0,185.0,182.0,183.0,185.0,188.0,191.0,192.0,190.0,187.0,183.0,177.0,170.0,165.0,162.0,162.0,159.0,157.0,163.0,179.0,203.0,219.0,231.0,241.0,244.0,245.0,244.0,9.0,0
188,237.0,232.0,231.0,227.0,223.0,230.0,233.0,229.0,229.0,226.0,221.0,212.0,194.0,190.0,182.0,175.0,172.0,169.0,167.0,164.0,164.0,166.0,166.0,166.0,164.0,162.0,161.0,158.0,154.0,151.0,15.0,0
189,259.0,255.0,252.0,252.0,254.0,254.0,242.0,237.0,232.0,231.0,227.0,223.0,230.0,233.0,229.0,229.0,226.0,221.0,212.0,194.0,190.0,182.0,175.0,172.0,169.0,167.0,164.0,164.0,166.0,166.0,20.0,0
190,199.5,198.5,198.0,195.5,194.5,185.5,169.0,167.0,165.0,161.0,160.0,162.0,157.0,154.0,151.0,149.0,147.0,147.0,147.0,145.0,145.0,144.0,141.0,139.0,135.0,131.0,128.0,128.0,127.0,125.0,42.0,1
191,140.0,142.0,144.0,139.0,135.0,117.0,109.0,107.0,110.0,120.0,137.0,137.0,136.0,134.0,139.0,158.0,161.0,175.0,179.0,178.0,188.0,207.0,209.0,213.0,218.0,219.0,221.0,220.0,216.0,211.0,45.0,0
192,195.0,193.0,190.0,184.0,175.0,167.0,163.0,163.0,170.0,179.0,190.0,202.0,211.0,222.0,236.0,248.0,249.0,254.0,254.0,250.0,246.0,242.0,242.0,246.0,246.0,239.0,218.0,204.0,194.0,182.0,0.0,0
193,170.0,256.0,256.0,251.0,244.0,235.0,226.0,243.0,250.0,248.0,246.0,243.0,238.0,232.0,224.0,219.0,215.0,211.0,205.0,199.0,195.0,193.0,190.0,184.0,175.0,167.0,163.0,163.0,170.0,179.0,52.0,-1
194,145.0,143.0,141.0,142.0,143.0,146.0,154.0,158.0,162.0,163.0,163.0,166.0,170.0,176.0,180.0,187.0,203.0,204.0,208.0,211.0,212.0,221.0,229.0,226.0,227.0,230.0,236.0,236.0,238.0,240.0,42.0,0
195,134.0,133.0,129.0,123.0,117.0,112.0,100.0,95.0,93.0,97.0,104.0,113.0,117.0,113.0,108.0,103.0,102.0,107.0,127.0,155.0,159.0,172.0,170.0,159.0,153.0,149.0,154.0,170.0,180.0,182.0,45.0,0
196,142.0,142.0,142.0,142.0,143.0,145.0,148.0,151.0,156.0,161.0,168.0,178.0,188.0,201.0,215.0,215.0,223.0,228.0,221.0,218.0,217.0,217.0,217.0,215.0,214.0,214.0,214.0,212.0,203.0,192.0,0.0,0
197,262.0,259.0,254.0,252.0,244.0,234.0,226.0,220.0,213.0,204.0,204.0,200.0,203.0,207.0,206.0,200.0,193.0,185.0,179.0,177.0,171.0,166.0,161.0,155.0,150.0,145.0,142.0,142.0,141.0,141.0,52.0,0
198,301.0,299.0,297.0,292.0,289.0,283.0,287.0,289.0,283.0,279.0,271.0,264.0,262.0,259.0,254.0,252.0,244.0,234.0,226.0,220.0,213.0,204.0,204.0,200.0,203.0,207.0,206.0,200.0,193.0,185.0,42.0,0
199,168.0,168.0,167.0,165.0,168.0,171.0,174.0,177.0,178.0,186.0,194.0,206.0,219.0,232.0,242.0,250.0,261.0,266.0,276.0,282.0,286.0,290.0,293.0,295.0,294.0,290.0,292.0,294.0,294.0,296.0,45.0,-1
200,238.0,226.0,216.0,213.0,214.0,213.0,207.0,197.0,197.0,192.0,195.0,200.0,202.0,207.0,212.0,211.0,211.0,207.0,204.0,200.0,197.0,194.0,192.0,190.0,191.0,192.0,189.0,185.0,184.0,173.0,0.0,-1
201,262.0,250.0,237.0,233.0,238.0,243.0,247.0,248.0,245.0,238.0,226.0,216.0,213.0,214.0,213.0,207.0,197.0,197.0,192.0,195.0,200.0,202.0,207.0,212.0,211.0,211.0,207.0,204.0,200.0,197.0,52.0,0
202,254.0,253.0,256.0,261.0,270.0,277.0,273.0,269.0,264.0,262.0,263.0,268.0,274.0,278.0,279.0,274.0,267.0,262.0,260.0,260.0,262.0,266.0,268.0,267.0,262.0,250.0,237.0,233.0,238.0,243.0,42.0,-1
203,116.0,88.0,76.0,72.0,79.0,92.0,116.0,135.0,144.0,153.0,163.0,173.0,181.0,190.0,199.0,202.0,208.0,212.0,215.0,222.0,231.0,237.0,242.0,248.0,254.0,257.0,261.0,261.0,258.0,254.0,45.0,0
204,308.0,306.0,305.0,304.0,300.0,327.0,337.0,328.0,315.0,306.0,297.0,297.0,304.0,306.0,302.0,294.0,284.0,277.0,270.0,263.0,257.0,251.0,246.0,240.0,235.0,229.0,225.0,220.0,215.0,208.0,0.0,-1
205,201.0,199.0,194.0,191.0,193.0,190.0,190.0,195.0,202.0,213.0,226.0,235.0,246.0,255.0,264.0,271.0,279.0,286.0,291.0,297.0,301.0,302.0,304.0,306.0,309.0,310.0,310.0,308.0,309.0,309.0,52.0,-1
206,371.0,372.0,372.0,372.0,368.0,359.0,376.0,388.0,386.0,389.0,391.0,385.0,365.0,360.0,354.0,352.0,349.0,345.0,339.0,332.0,325.0,320.0,314.0,309.0,304.0,299.0,292.0,285.0,276.0,270.0,42.0,-1
207,240.0,244.0,254.0,268.0,267.0,275.0,327.0,346.0,354.0,362.0,368.0,371.0,371.0,372.0,372.0,372.0,368.0,359.0,376.0,388.0,386.0,389.0,391.0,385.0,365.0,360.0,354.0,352.0,349.0,345.0,15.0,-1
208,195.0,210.0,218.0,214.0,214.0,213.0,214.0,218.0,225.0,231.0,238.0,243.0,243.0,241.0,242.0,240.0,244.0,254.0,268.0,267.0,275.0,327.0,346.0,354.0,362.0,368.0,371.0,371.0,372.0,372.0,15.0,-1
209,217.0,212.0,208.0,207.0,203.0,195.0,210.0,218.0,214.0,214.0,213.0,214.0,218.0,225.0,231.0,238.0,243.0,243.0,241.0,242.0,240.0,244.0,254.0,268.0,267.0,275.0,327.0,346.0,354.0,362.0,0.0,-1
210,301.0,288.0,277.0,267.0,262.0,259.0,260.0,257.0,250.0,242.0,236.0,234.0,231.0,227.0,223.0,217.0,212.0,208.0,207.0,203.0,195.0,210.0,218.0,214.0,214.0,213.0,214.0,218.0,225.0,231.0,52.0,-1
211,267.0,277.0,294.0,289.0,286.0,276.0,322.0,344.0,341.0,339.0,339.0,339.0,340.0,344.0,344.0,344.0,340.0,335.0,329.0,323.0,315.0,301.0,288.0,277.0,267.0,262.0,259.0,260.0,257.0,250.0,42.0,-1
212,214.5,218.5,225.0,224.5,223.0,222.5,329.0,335.0,329.0,323.0,316.0,313.0,310.0,307.0,301.0,293.0,285.0,280.0,277.0,273.0,272.0,269.0,265.0,263.0,262.0,260.0,259.0,261.0,267.0,277.0,15.0,-1
213,162.0,160.0,156.0,160.0,160.0,169.0,194.0,207.0,215.0,209.0,198.0,209.0,235.0,259.0,286.0,314.0,340.0,347.0,352.0,357.0,362.0,367.0,372.0,377.0,400.0,400.0,400.0,400.0,400.0,400.0,0.0,-1
214,209.0,213.0,215.0,215.0,214.0,214.0,230.0,239.0,253.0,271.0,257.0,247.0,245.0,241.0,232.0,226.0,216.0,210.0,208.0,210.0,211.0,210.0,204.0,197.0,188.0,179.0,173.0,166.0,160.0,155.0,52.0,-1
215,86.0,87.0,86.0,85.0,92.0,95.0,99.0,111.0,118.0,124.0,132.0,138.0,149.0,156.0,153.0,143.0,118.0,137.0,147.0,148.0,150.0,155.0,158.0,163.0,169.0,178.0,185.0,190.0,190.0,188.0,42.0,0
216,97.0,84.0,84.0,90.0,89.0,86.0,85.0,85.0,86.0,87.0,86.0,85.0,92.0,95.0,99.0,111.0,118.0,124.0,132.0,138.0,149.0,156.0,153.0,143.0,118.0,137.0,147.0,148.0,150.0,155.0,15.0,0
217,250.0,238.0,222.0,220.0,223.0,219.0,215.0,215.0,216.0,216.0,218.0,225.0,235.0,247.0,266.0,264.0,241.0,238.0,238.0,235.0,236.0,238.0,238.0,238.0,238.0,237.0,230.0,220.0,205.0,182.0,15.0,-1
218,282.0,280.0,280.0,279.0,278.0,274.0,250.0,250.0,238.0,222.0,220.0,223.0,219.0,215.0,215.0,216.0,216.0,218.0,225.0,235.0,247.0,266.0,264.0,241.0,238.0,238.0,235.0,236.0,238.0,238.0,0.0,0
219,134.0,128.0,125.0,116.0,115.0,120.0,128.0,142.0,165.0,190.0,180.0,178.0,185.0,199.0,210.0,220.0,237.0,263.0,263.0,276.0,296.0,293.0,302.0,310.0,319.0,329.0,336.0,335.0,342.0,321.0,52.0,0
220,145.0,139.0,137.0,135.0,134.0,128.0,125.0,116.0,115.0,120.0,128.0,142.0,165.0,190.0,180.0,178.0,185.0,199.0,210.0,220.0,237.0,263.0,263.0,276.0,296.0,293.0,302.0,310.0,319.0,329.0,42.0,0
221,199.0,206.0,208.0,205.0,188.0,142.0,141.0,143.0,162.0,160.0,159.0,159.0,157.0,143.0,115.0,121.0,147.0,158.0,169.0,175.0,180.0,184.0,187.0,190.0,193.0,194.0,195.0,190.0,187.0,189.0,15.0,0
222,121.0,106.0,97.0,92.0,91.0,103.0,115.0,136.0,152.0,169.0,186.0,203.0,217.0,228.0,240.0,248.0,250.0,260.0,258.0,252.0,249.0,247.0,247.0,250.0,256.0,271.0,277.0,268.0,261.0,257.0,15.0,0
223,299.0,299.0,297.0,290.0,281.0,270.0,231.0,215.0,193.0,195.0,214.0,210.0,205.0,203.0,202.0,202.0,202.0,201.0,199.0,203.0,204.0,204.0,205.0,202.0,184.0,170.0,165.0,156.0,147.0,138.0,0.0,-1
224,382.0,386.0,390.0,390.0,393.0,393.0,397.0,400.0,400.0,400.0,400.0,400.0,397.0,398.0,400.0,399.0,387.0,370.0,360.0,365.0,365.0,369.0,369.0,359.0,346.0,340.0,346.0,353.0,354.0,344.0,52.0,-1
225,96.0,91.0,88.0,89.0,98.0,100.0,103.0,113.0,117.0,121.0,136.0,148.0,152.0,161.0,184.0,196.0,214.0,226.0,263.0,288.0,296.0,307.0,321.0,338.0,346.0,353.0,358.0,367.0,383.0,378.0,42.0,-1
226,145.0,144.0,143.0,143.0,143.0,133.0,128.0,125.0,125.0,132.0,148.0,168.0,171.0,182.0,193.0,197.0,203.0,211.0,217.0,220.0,221.0,226.0,223.0,221.0,219.0,214.0,205.0,203.0,196.0,196.0,15.0,0
227,182.0,176.0,168.0,170.0,176.0,179.0,163.0,152.0,143.0,143.0,152.0,163.0,180.0,193.0,205.0,216.0,229.0,224.0,210.0,184.0,179.0,175.0,173.0,181.0,185.0,193.0,211.0,206.0,200.0,192.0,15.0,0
228,266.0,263.0,256.0,255.0,257.0,254.0,265.0,270.0,267.0,265.0,264.0,262.0,259.0,255.0,250.0,245.0,240.0,233.0,229.0,231.0,228.0,215.0,205.0,198.0,192.0,189.0,189.0,187.0,185.0,182.0,0.0,0
229,265.0,272.0,274.0,268.0,262.0,264.0,269.0,271.0,273.0,277.0,285.0,292.0,297.0,295.0,295.0,295.0,299.0,301.0,298.0,298.0,302.0,307.0,314.0,318.0,312.0,305.0,302.0,298.0,294.0,293.0,52.0,-1
230,253.0,257.0,265.0,272.0,274.0,268.0,262.0,264.0,269.0,271.0,273.0,277.0,285.0,292.0,297.0,295.0,295.0,295.0,299.0,301.0,298.0,298.0,302.0,307.0,314.0,318.0,312.0,305.0,302.0,298.0,34.0,-1
231,149.0,145.0,141.0,137.0,134.0,136.0,122.0,117.0,119.0,129.0,152.0,161.0,170.0,181.0,197.0,212.0,225.0,231.0,242.0,246.0,247.0,248.0,250.0,253.0,257.0,265.0,272.0,274.0,268.0,262.0,0.0,0
232,155.0,148.0,139.0,128.0,122.0,117.0,114.0,109.0,101.0,94.0,99.0,106.0,107.0,108.0,112.0,124.0,141.0,141.0,149.0,157.0,160.0,170.0,180.0,181.0,183.0,181.0,175.0,166.0,152.0,142.0,0.0,0
233,129.0,122.0,113.0,108.0,111.0,120.0,138.0,164.0,185.0,202.0,208.0,219.0,230.0,241.0,240.0,239.0,235.0,229.0,223.0,212.0,205.0,199.0,193.0,185.0,180.0,179.0,180.0,179.0,174.0,168.0,60.0,0
234,139.0,137.0,136.0,133.0,129.0,122.0,113.0,108.0,111.0,120.0,138.0,164.0,185.0,202.0,208.0,219.0,230.0,241.0,240.0,239.0,235.0,229.0,223.0,212.0,205.0,199.0,193.0,185.0,180.0,179.0,0.0,0
235,192.0,184.0,177.0,174.0,173.0,169.0,164.0,164.0,164.0,162.0,162.0,164.0,168.0,169.0,166.0,166.0,165.0,166.0,168.0,169.0,168.0,165.0,163.0,159.0,155.0,153.0,153.0,155.0,155.0,154.0,50.0,-1
236,304.0,306.0,311.0,315.0,311.0,295.0,270.0,262.0,243.0,229.0,215.0,202.0,192.0,184.0,177.0,174.0,173.0,169.0,164.0,164.0,164.0,162.0,162.0,164.0,168.0,169.0,166.0,166.0,165.0,166.0,34.0,0
237,356.0,355.0,354.0,351.0,344.0,335.0,332.0,326.0,318.0,309.0,304.0,306.0,311.0,315.0,311.0,295.0,270.0,262.0,243.0,229.0,215.0,202.0,192.0,184.0,177.0,174.0,173.0,169.0,164.0,164.0,0.0,-1
238,135.0,131.0,127.0,129.0,133.0,133.0,136.0,138.0,142.0,153.0,173.0,190.0,209.0,220.0,238.0,250.0,260.0,266.0,275.0,285.0,294.0,301.0,310.0,322.0,323.0,329.0,331.0,336.0,340.0,350.0,0.0,0
